{"freq": [10000000.0, 20000000.0, 30000000.0, 40000000.0, 50000000.0, 60000000.0, 70000000.0, 80000000.0, 90000000.0, 100000000.0, 110000000.0, 120000000.0, 130000000.0, 140000000.0, 150000000.0, 160000000.0, 170000000.0, 180000000.0, 190000000.0, 200000000.0, 210000000.0, 220000000.0, 230000000.0, 240000000.0, 250000000.0, 260000000.0, 270000000.0, 280000000.0, 290000000.0, 300000000.0, 310000000.0, 320000000.0, 330000000.0, 340000000.0, 350000000.0, 360000000.0, 370000000.0, 380000000.0, 390000000.0, 400000000.0, 410000000.0, 420000000.0, 430000000.0, 440000000.0, 450000000.0, 460000000.0, 470000000.0, 480000000.0, 490000000.0, 500000000.0, 510000000.0, 520000000.0, 530000000.0, 540000000.0, 550000000.0, 560000000.0, 570000000.0, 580000000.0, 590000000.0, 600000000.0, 610000000.0, 620000000.0, 630000000.0, 640000000.0, 650000000.0, 660000000.0, 670000000.0, 680000000.0, 690000000.0, 700000000.0, 710000000.0, 720000000.0, 730000000.0, 740000000.0, 750000000.0, 760000000.0, 770000000.0, 780000000.0, 790000000.0, 800000000.0, 810000000.0, 820000000.0, 830000000.0, 840000000.0, 850000000.0, 860000000.0, 870000000.0, 880000000.0, 890000000.0]}
{"lmbd": [29.9792458, 14.9896229, 9.993081933333333, 7.49481145, 5.99584916, 4.996540966666666, 4.2827494, 3.747405725, 3.3310273111111113, 2.99792458, 2.725385981818182, 2.498270483333333, 2.3060958307692307, 2.1413747, 1.9986163866666666, 1.8737028625, 1.7634850470588235, 1.6655136555555556, 1.577855042105263, 1.49896229, 1.4275831333333333, 1.362692990909091, 1.3034454695652173, 1.2491352416666666, 1.199169832, 1.1530479153846154, 1.110342437037037, 1.07068735, 1.033767096551724, 0.9993081933333333, 0.9670724451612903, 0.93685143125, 0.908461993939394, 0.8817425235294117, 0.85654988, 0.8327568277777778, 0.8102498864864864, 0.7889275210526315, 0.7686986102564103, 0.749481145, 0.7312011170731707, 0.7137915666666667, 0.6971917627906977, 0.6813464954545455, 0.6662054622222222, 0.6517227347826087, 0.6378562936170212, 0.6245676208333333, 0.6118213428571428, 0.599584916, 0.5878283490196079, 0.5765239576923077, 0.5656461471698113, 0.5551712185185185, 0.5450771963636364, 0.535343675, 0.5259516807017544, 0.516883548275862, 0.5081228101694916, 0.49965409666666666, 0.49146304590163936, 0.48353622258064516, 0.47586104444444444, 0.468425715625, 0.46121916615384617, 0.454230996969697, 0.44745142985074626, 0.44087126176470587, 0.4344818231884058, 0.42827494, 0.4222428985915493, 0.4163784138888889, 0.4106746, 0.4051249432432432, 0.39972327733333335, 0.39446376052631577, 0.38934085454545453, 0.38434930512820514, 0.3794841240506329, 0.3747405725, 0.37011414567901235, 0.36560055853658535, 0.3611957325301205, 0.3568957833333333, 0.3526970094117647, 0.34859588139534886, 0.3445890321839081, 0.34067324772727275, 0.3368454584269663]}
{"sigma": [0.00022316404885868655, 0.0035567091904690983, 0.017886560622782644, 0.05596558633076691, 0.1345678212841665, 0.27234905542969456, 0.48474591939297984, 0.7740758136456719, 1.1162598834039312, 1.454126507843177, 1.7122506334426442, 1.8317905175289912, 1.7970926859071712, 1.6324185105924378, 1.3805074788961098, 1.0851281745756, 0.7849229310739662, 0.5138852905399875, 0.3023210172400923, 0.17486793087714755, 0.14535784718777486, 0.2112903703791729, 0.35213110665909425, 0.5338013214093237, 0.717577747445385, 0.8690278165294882, 0.9637168239429811, 0.9893060317113892, 0.9454265967768787, 0.8426086614870296, 0.7005469664216898, 0.5452333282867095, 0.4045755803766151, 0.3029895200974536, 0.25641388121992115, 0.26939233389623085, 0.33503125512539106, 0.4374234012231066, 0.5554076922229271, 0.6665970401719082, 0.7510673276130995, 0.7944503562687151, 0.790203626528331, 0.7406819016488434, 0.6566084339694007, 0.5548371319374892, 0.4548306618710551, 0.3747340889919673, 0.3280075152978305, 0.32127948444785054, 0.35363708709473707, 0.4172366566381448, 0.49898220117993675, 0.5829871534840004, 0.6534813187343481, 0.6977088564836419, 0.7082625528973525, 0.6843393868149764, 0.6316380629515969, 0.5609731335599791, 0.4859924542189576, 0.4205326187365733, 0.3761226208390406, 0.3600291153067891, 0.3741102105489688, 0.41463454837760183, 0.4731016394991654, 0.5379382737386766, 0.596759501688905, 0.6387367739882034, 0.6565832192663883, 0.6477709169032901, 0.6147931255248013, 0.5644958628069365, 0.5066655841083394, 0.45215609307638316, 0.410884254868767, 0.3900370413478909, 0.39280794093617205, 0.41790074353168105, 0.4598962449297614, 0.5103972210823272, 0.5597012778008593, 0.5986519116715007, 0.6203082585167491, 0.6211399032724407, 0.6015612224143959, 0.5657401650779782, 0.5207343311597976]}